[
    {
        "date": 0,
        "deltas": [
            0.5073611313419976
        ],
        "deltasStdDev": [
            0.001690329412342465
        ],
        "price": 5.626878561190571,
        "priceStdDev": 0.028495177780484455,
        "value": 5.626878561190566
    },
    {
        "date": 1,
        "deltas": [
            0.4754280920655825
        ],
        "deltasStdDev": [
            0.0016857840793599171
        ],
        "price": 5.057967625661117,
        "priceStdDev": 0.026863907579581178,
        "value": 5.0562724520588915
    },
    {
        "date": 2,
        "deltas": [
            0.4708074878427792
        ],
        "deltasStdDev": [
            0.0016854148091758744
        ],
        "price": 4.904585737126796,
        "priceStdDev": 0.026365462578210225,
        "value": 4.9534488391610125
    },
    {
        "date": 3,
        "deltas": [
            0.4947036000122762
        ],
        "deltasStdDev": [
            0.0016863873671113163
        ],
        "price": 5.352950243812023,
        "priceStdDev": 0.02762353770700818,
        "value": 5.414422293418433
    },
    {
        "date": 4,
        "deltas": [
            0.4905002894102805
        ],
        "deltasStdDev": [
            0.0016861544698043558
        ],
        "price": 5.3080052085890435,
        "priceStdDev": 0.02741836839226492,
        "value": 5.29057912086315
    },
    {
        "date": 5,
        "deltas": [
            0.4931788672853138
        ],
        "deltasStdDev": [
            0.001686972230679475
        ],
        "price": 5.301562190757067,
        "priceStdDev": 0.02740562650016541,
        "value": 5.363743268006274
    },
    {
        "date": 6,
        "deltas": [
            0.4654981801087568
        ],
        "deltasStdDev": [
            0.0016801551137152523
        ],
        "price": 4.809926296277691,
        "priceStdDev": 0.025862898728162775,
        "value": 4.903756727830476
    },
    {
        "date": 7,
        "deltas": [
            0.4780927866220465
        ],
        "deltasStdDev": [
            0.0016817507820549623
        ],
        "price": 5.028452923361064,
        "priceStdDev": 0.026609439091714447,
        "value": 5.081654574059293
    },
    {
        "date": 8,
        "deltas": [
            0.5885914080715409
        ],
        "deltasStdDev": [
            0.0016575562259636741
        ],
        "price": 7.199441966790275,
        "priceStdDev": 0.031339548317398165,
        "value": 7.088039386262608
    },
    {
        "date": 9,
        "deltas": [
            0.6667838675358229
        ],
        "deltasStdDev": [
            0.001594441932017524
        ],
        "price": 9.112026787562705,
        "priceStdDev": 0.03498846781020833,
        "value": 8.855543584775347
    },
    {
        "date": 10,
        "deltas": [
            0.651202836151809
        ],
        "deltasStdDev": [
            0.0016100602060331215
        ],
        "price": 8.665054504049987,
        "priceStdDev": 0.034028584498096336,
        "value": 8.420158012749184
    },
    {
        "date": 11,
        "deltas": [
            0.6295206395279401
        ],
        "deltasStdDev": [
            0.0016273845350238544
        ],
        "price": 8.089974991260863,
        "priceStdDev": 0.033135392371595025,
        "value": 7.853818888948439
    },
    {
        "date": 12,
        "deltas": [
            0.6747347180415901
        ],
        "deltasStdDev": [
            0.0015816625843460485
        ],
        "price": 9.231174769348574,
        "priceStdDev": 0.03508305255185752,
        "value": 9.018409590314945
    },
    {
        "date": 13,
        "deltas": [
            0.6836645807745038
        ],
        "deltasStdDev": [
            0.0015700127299181617
        ],
        "price": 9.511309512127708,
        "priceStdDev": 0.03546324563644963,
        "value": 9.178416097340332
    },
    {
        "date": 14,
        "deltas": [
            0.6429384081046843
        ],
        "deltasStdDev": [
            0.0016139622626385362
        ],
        "price": 8.281398577776912,
        "priceStdDev": 0.03321666917085545,
        "value": 8.037904322493233
    },
    {
        "date": 15,
        "deltas": [
            0.6978539032499919
        ],
        "deltasStdDev": [
            0.0015496293555918234
        ],
        "price": 9.694743437397646,
        "priceStdDev": 0.03552558012574481,
        "value": 9.416773097137181
    },
    {
        "date": 16,
        "deltas": [
            0.7193734766886973
        ],
        "deltasStdDev": [
            0.001517791402240753
        ],
        "price": 10.384867793598183,
        "priceStdDev": 0.03653267617882832,
        "value": 10.079918046367538
    },
    {
        "date": 17,
        "deltas": [
            0.7041242846310782
        ],
        "deltasStdDev": [
            0.001539199955662729
        ],
        "price": 9.792455332805405,
        "priceStdDev": 0.03531918610729726,
        "value": 9.591559449197007
    },
    {
        "date": 18,
        "deltas": [
            0.7294739321135926
        ],
        "deltasStdDev": [
            0.0014998360495824127
        ],
        "price": 10.61398419258116,
        "priceStdDev": 0.03653042665121838,
        "value": 10.30566564272786
    },
    {
        "date": 19,
        "deltas": [
            0.7009547238432139
        ],
        "deltasStdDev": [
            0.001540149108183139
        ],
        "price": 9.713097927739431,
        "priceStdDev": 0.035059203293882485,
        "value": 9.418991146197882
    },
    {
        "date": 20,
        "deltas": [
            0.7177391107960649
        ],
        "deltasStdDev": [
            0.0015159912955990669
        ],
        "price": 10.186206272179453,
        "priceStdDev": 0.035632781987581214,
        "value": 9.935682394725148
    },
    {
        "date": 21,
        "deltas": [
            0.7675477211813464
        ],
        "deltasStdDev": [
            0.0014285578376556569
        ],
        "price": 11.792754288354981,
        "priceStdDev": 0.03787106814793278,
        "value": 11.467489864045348
    },
    {
        "date": 22,
        "deltas": [
            0.7870478678758762
        ],
        "deltasStdDev": [
            0.001385659169875551
        ],
        "price": 12.362975545061326,
        "priceStdDev": 0.03850090294531918,
        "value": 12.127026419282743
    },
    {
        "date": 23,
        "deltas": [
            0.7615264767995811
        ],
        "deltasStdDev": [
            0.0014356680789903904
        ],
        "price": 11.417596440067388,
        "priceStdDev": 0.03715309600216758,
        "value": 11.160022358041772
    },
    {
        "date": 24,
        "deltas": [
            0.7550735575430197
        ],
        "deltasStdDev": [
            0.0014494967598928977
        ],
        "price": 11.085934272054473,
        "priceStdDev": 0.036612495070342234,
        "value": 10.822044343546438
    },
    {
        "date": 25,
        "deltas": [
            0.7429130520014813
        ],
        "deltasStdDev": [
            0.001470352292923362
        ],
        "price": 10.726332614566733,
        "priceStdDev": 0.03594150049893149,
        "value": 10.45262402050777
    },
    {
        "date": 26,
        "deltas": [
            0.7627599801663223
        ],
        "deltasStdDev": [
            0.0014321525981639083
        ],
        "price": 11.368380850292487,
        "priceStdDev": 0.03667476266224834,
        "value": 11.08997895602063
    },
    {
        "date": 27,
        "deltas": [
            0.7618520643815581
        ],
        "deltasStdDev": [
            0.001434802080698942
        ],
        "price": 11.127002474546888,
        "priceStdDev": 0.03611000387618757,
        "value": 10.915161085922946
    },
    {
        "date": 28,
        "deltas": [
            0.734268147427796
        ],
        "deltasStdDev": [
            0.0014817967792612613
        ],
        "price": 10.153964203732306,
        "priceStdDev": 0.03485472220340007,
        "value": 10.032013266546898
    },
    {
        "date": 29,
        "deltas": [
            0.7144511352752172
        ],
        "deltasStdDev": [
            0.0015135497028863618
        ],
        "price": 9.563253864158941,
        "priceStdDev": 0.03369800584434439,
        "value": 9.362470431885754
    },
    {
        "date": 30,
        "deltas": [
            0.7162005785191714
        ],
        "deltasStdDev": [
            0.0015095393803879922
        ],
        "price": 9.50147963079502,
        "priceStdDev": 0.03360363897708593,
        "value": 9.383435596394321
    },
    {
        "date": 31,
        "deltas": [
            0.7102086981846093
        ],
        "deltasStdDev": [
            0.0015156708638092693
        ],
        "price": 9.40298200435623,
        "priceStdDev": 0.033387707412552974,
        "value": 9.226578411752087
    },
    {
        "date": 32,
        "deltas": [
            0.695950181153655
        ],
        "deltasStdDev": [
            0.001534443370078016
        ],
        "price": 8.890253562875289,
        "priceStdDev": 0.03251070333364355,
        "value": 8.81013745449053
    },
    {
        "date": 33,
        "deltas": [
            0.7091122794618947
        ],
        "deltasStdDev": [
            0.0015165320786744013
        ],
        "price": 9.313506983853822,
        "priceStdDev": 0.033092011132403155,
        "value": 9.168027730154463
    },
    {
        "date": 34,
        "deltas": [
            0.7327459209035881
        ],
        "deltasStdDev": [
            0.0014789747641068387
        ],
        "price": 9.797567732807748,
        "priceStdDev": 0.033536537573980854,
        "value": 9.754013929006675
    },
    {
        "date": 35,
        "deltas": [
            0.76926063975365
        ],
        "deltasStdDev": [
            0.001408712642548554
        ],
        "price": 11.060003525540683,
        "priceStdDev": 0.035045243762154274,
        "value": 10.915655176134152
    },
    {
        "date": 36,
        "deltas": [
            0.7697231843984166
        ],
        "deltasStdDev": [
            0.0014063355962121247
        ],
        "price": 11.011764148566362,
        "priceStdDev": 0.034880369378566554,
        "value": 10.962448224859813
    },
    {
        "date": 37,
        "deltas": [
            0.7622545640754043
        ],
        "deltasStdDev": [
            0.0014218619977282125
        ],
        "price": 10.682167136129136,
        "priceStdDev": 0.034429836842034996,
        "value": 10.52466592016546
    },
    {
        "date": 38,
        "deltas": [
            0.7578881606882194
        ],
        "deltasStdDev": [
            0.0014292732190108297
        ],
        "price": 10.560942573513406,
        "priceStdDev": 0.034165336470059836,
        "value": 10.451982502765446
    },
    {
        "date": 39,
        "deltas": [
            0.7756673419678332
        ],
        "deltasStdDev": [
            0.0013900989237342523
        ],
        "price": 11.108725626484357,
        "priceStdDev": 0.03474958389256945,
        "value": 11.019464277754949
    },
    {
        "date": 40,
        "deltas": [
            0.7822842425105476
        ],
        "deltasStdDev": [
            0.0013760268735917922
        ],
        "price": 11.269659727239903,
        "priceStdDev": 0.03480462712222621,
        "value": 11.220013913840617
    },
    {
        "date": 41,
        "deltas": [
            0.8024002249835062
        ],
        "deltasStdDev": [
            0.0013283394096218158
        ],
        "price": 11.950617447560685,
        "priceStdDev": 0.035210245417702034,
        "value": 11.863105235306165
    },
    {
        "date": 42,
        "deltas": [
            0.7837013906258735
        ],
        "deltasStdDev": [
            0.001371396476787859
        ],
        "price": 11.162903931372968,
        "priceStdDev": 0.034336144067591015,
        "value": 11.115134892532666
    },
    {
        "date": 43,
        "deltas": [
            0.797244933568828
        ],
        "deltasStdDev": [
            0.0013411827039613714
        ],
        "price": 11.45566839119133,
        "priceStdDev": 0.03447339998254001,
        "value": 11.423768264908261
    },
    {
        "date": 44,
        "deltas": [
            0.7956926731345992
        ],
        "deltasStdDev": [
            0.0013407238518419174
        ],
        "price": 11.405680043603061,
        "priceStdDev": 0.03445557164162022,
        "value": 11.370396438711182
    },
    {
        "date": 45,
        "deltas": [
            0.8365711863620738
        ],
        "deltasStdDev": [
            0.0012368261462256927
        ],
        "price": 12.932517429625644,
        "priceStdDev": 0.03590831610382383,
        "value": 12.89495236413984
    },
    {
        "date": 46,
        "deltas": [
            0.8842862757939944
        ],
        "deltasStdDev": [
            0.001076611266525522
        ],
        "price": 15.27424667242994,
        "priceStdDev": 0.0378963692328535,
        "value": 15.163939897479267
    },
    {
        "date": 47,
        "deltas": [
            0.8573014384669423
        ],
        "deltasStdDev": [
            0.00116820740540783
        ],
        "price": 13.725657880838448,
        "priceStdDev": 0.036461750437883564,
        "value": 13.636528965957794
    },
    {
        "date": 48,
        "deltas": [
            0.8576322088573072
        ],
        "deltasStdDev": [
            0.0011674760011165155
        ],
        "price": 13.751024643905597,
        "priceStdDev": 0.036291047460709436,
        "value": 13.618963125190533
    },
    {
        "date": 49,
        "deltas": [
            0.8679632004890357
        ],
        "deltasStdDev": [
            0.001129726453910399
        ],
        "price": 14.136917650059692,
        "priceStdDev": 0.03632374099638508,
        "value": 14.078674549821628
    },
    {
        "date": 50,
        "deltas": [
            0.8836099071809986
        ],
        "deltasStdDev": [
            0.001071703995118127
        ],
        "price": 14.972373152460698,
        "priceStdDev": 0.03679574361775617,
        "value": 14.895366065520676
    },
    {
        "date": 51,
        "deltas": [
            0.8788279900004241
        ],
        "deltasStdDev": [
            0.001091301540597204
        ],
        "price": 14.579295247930334,
        "priceStdDev": 0.03638171817549177,
        "value": 14.504637254999537
    },
    {
        "date": 52,
        "deltas": [
            0.8701652259919337
        ],
        "deltasStdDev": [
            0.001122502810757407
        ],
        "price": 14.059880801249657,
        "priceStdDev": 0.03586688001167716,
        "value": 13.905561417199664
    },
    {
        "date": 53,
        "deltas": [
            0.9050415927453322
        ],
        "deltasStdDev": [
            0.0009813239940196995
        ],
        "price": 16.033416597010312,
        "priceStdDev": 0.03723026623478751,
        "value": 15.99632713548283
    },
    {
        "date": 54,
        "deltas": [
            0.9040054789920093
        ],
        "deltasStdDev": [
            0.000983594890571006
        ],
        "price": 15.908493414423234,
        "priceStdDev": 0.03691310842245991,
        "value": 15.839382095288997
    },
    {
        "date": 55,
        "deltas": [
            0.9147327007384359
        ],
        "deltasStdDev": [
            0.0009366267401931997
        ],
        "price": 16.511804044923366,
        "priceStdDev": 0.03701407574794834,
        "value": 16.456204700502568
    },
    {
        "date": 56,
        "deltas": [
            0.942317229875649
        ],
        "deltasStdDev": [
            0.000791751080027447
        ],
        "price": 18.660991566139764,
        "priceStdDev": 0.038149102199146745,
        "value": 18.489844007239668
    },
    {
        "date": 57,
        "deltas": [
            0.9316268156805577
        ],
        "deltasStdDev": [
            0.0008512753905925758
        ],
        "price": 17.600968171298348,
        "priceStdDev": 0.037271035905117336,
        "value": 17.465737063242983
    },
    {
        "date": 58,
        "deltas": [
            0.9030782071085338
        ],
        "deltasStdDev": [
            0.0009841613202946856
        ],
        "price": 15.337840390789843,
        "priceStdDev": 0.03562937390260186,
        "value": 15.226639567192478
    },
    {
        "date": 59,
        "deltas": [
            0.9010013722388995
        ],
        "deltasStdDev": [
            0.0009911533790491584
        ],
        "price": 15.07245519049037,
        "priceStdDev": 0.035127951332443265,
        "value": 14.892483774199448
    },
    {
        "date": 60,
        "deltas": [
            0.8922840768813074
        ],
        "deltasStdDev": [
            0.00102697134797252
        ],
        "price": 14.481852706705716,
        "priceStdDev": 0.03467152573110127,
        "value": 14.303387873696849
    },
    {
        "date": 61,
        "deltas": [
            0.9090404395990619
        ],
        "deltasStdDev": [
            0.000954370359353829
        ],
        "price": 15.397939157366528,
        "priceStdDev": 0.03501749761636691,
        "value": 15.2915450361253
    },
    {
        "date": 62,
        "deltas": [
            0.8987187050085673
        ],
        "deltasStdDev": [
            0.0009978517190567795
        ],
        "price": 14.582761775466462,
        "priceStdDev": 0.034235781624723044,
        "value": 14.454540673819864
    },
    {
        "date": 63,
        "deltas": [
            0.8640778251806539
        ],
        "deltasStdDev": [
            0.0011266398849958635
        ],
        "price": 12.696401121511268,
        "priceStdDev": 0.03264737942573811,
        "value": 12.608869572618033
    },
    {
        "date": 64,
        "deltas": [
            0.8591337476161728
        ],
        "deltasStdDev": [
            0.001140652785250083
        ],
        "price": 12.265889495944972,
        "priceStdDev": 0.03184561858014766,
        "value": 12.220528831169062
    },
    {
        "date": 65,
        "deltas": [
            0.8562605267745601
        ],
        "deltasStdDev": [
            0.0011500761526986637
        ],
        "price": 12.024740880732063,
        "priceStdDev": 0.03166068258529208,
        "value": 11.954968513401198
    },
    {
        "date": 66,
        "deltas": [
            0.8672734394425871
        ],
        "deltasStdDev": [
            0.0011120302268675026
        ],
        "price": 12.524523499258212,
        "priceStdDev": 0.031778608837969624,
        "value": 12.401425665986721
    },
    {
        "date": 67,
        "deltas": [
            0.888236402501942
        ],
        "deltasStdDev": [
            0.0010334319975385299
        ],
        "price": 13.476413277943017,
        "priceStdDev": 0.03243317248539386,
        "value": 13.377602687226243
    },
    {
        "date": 68,
        "deltas": [
            0.8488582006490862
        ],
        "deltasStdDev": [
            0.0011693759914011065
        ],
        "price": 11.517286905660725,
        "priceStdDev": 0.030482757062576814,
        "value": 11.40921356466474
    },
    {
        "date": 69,
        "deltas": [
            0.8341045944516337
        ],
        "deltasStdDev": [
            0.0012105018977727519
        ],
        "price": 10.855743629340658,
        "priceStdDev": 0.02970063189120947,
        "value": 10.749385560682555
    },
    {
        "date": 70,
        "deltas": [
            0.873782962132133
        ],
        "deltasStdDev": [
            0.0010818073612697255
        ],
        "price": 12.470709418333687,
        "priceStdDev": 0.03098107152079399,
        "value": 12.372685209075058
    },
    {
        "date": 71,
        "deltas": [
            0.8559772800007891
        ],
        "deltasStdDev": [
            0.0011422934478901045
        ],
        "price": 11.622905150571835,
        "priceStdDev": 0.03009171155170307,
        "value": 11.45473906012404
    },
    {
        "date": 72,
        "deltas": [
            0.8665341167692113
        ],
        "deltasStdDev": [
            0.0011072248393182683
        ],
        "price": 11.73215486714651,
        "priceStdDev": 0.029898492827177083,
        "value": 11.673877033522245
    },
    {
        "date": 73,
        "deltas": [
            0.8697488401155762
        ],
        "deltasStdDev": [
            0.0010920282359069414
        ],
        "price": 11.835950549731336,
        "priceStdDev": 0.029802212093277144,
        "value": 11.773321493375349
    },
    {
        "date": 74,
        "deltas": [
            0.8536494039218936
        ],
        "deltasStdDev": [
            0.0011462652569993919
        ],
        "price": 11.03171764487945,
        "priceStdDev": 0.02904011421717791,
        "value": 10.925951591905175
    },
    {
        "date": 75,
        "deltas": [
            0.86525945933024
        ],
        "deltasStdDev": [
            0.001101836661261465
        ],
        "price": 11.53551038570674,
        "priceStdDev": 0.029203878954513245,
        "value": 11.461209523657175
    },
    {
        "date": 76,
        "deltas": [
            0.9076529353170276
        ],
        "deltasStdDev": [
            0.0009376900318924139
        ],
        "price": 13.46119064471658,
        "priceStdDev": 0.030361973476533678,
        "value": 13.333663958953764
    },
    {
        "date": 77,
        "deltas": [
            0.8854944714446592
        ],
        "deltasStdDev": [
            0.0010273459282506166
        ],
        "price": 12.155714768083474,
        "priceStdDev": 0.029172111789982094,
        "value": 12.064124864435229
    },
    {
        "date": 78,
        "deltas": [
            0.8128357311439656
        ],
        "deltasStdDev": [
            0.0012547607960962481
        ],
        "price": 9.30536991464789,
        "priceStdDev": 0.026436357121324364,
        "value": 9.126662446341442
    },
    {
        "date": 79,
        "deltas": [
            0.8095135805292765
        ],
        "deltasStdDev": [
            0.0012618807043301575
        ],
        "price": 9.136349888925814,
        "priceStdDev": 0.026020290201462914,
        "value": 8.986161008050033
    },
    {
        "date": 80,
        "deltas": [
            0.8208466775027988
        ],
        "deltasStdDev": [
            0.001227629914421331
        ],
        "price": 9.39048601910694,
        "priceStdDev": 0.02622943900387156,
        "value": 9.25462347265406
    },
    {
        "date": 81,
        "deltas": [
            0.800127032176654
        ],
        "deltasStdDev": [
            0.0012807119691838303
        ],
        "price": 8.66591405704313,
        "priceStdDev": 0.02518405483710139,
        "value": 8.568302902050931
    },
    {
        "date": 82,
        "deltas": [
            0.8741217458860724
        ],
        "deltasStdDev": [
            0.0010612351065011725
        ],
        "price": 11.007150757412521,
        "priceStdDev": 0.02712527960773294,
        "value": 10.770812133120373
    },
    {
        "date": 83,
        "deltas": [
            0.8437361405759175
        ],
        "deltasStdDev": [
            0.0011584085020292364
        ],
        "price": 9.800936902971833,
        "priceStdDev": 0.02600976995999915,
        "value": 9.602978359261726
    },
    {
        "date": 84,
        "deltas": [
            0.8631187667315197
        ],
        "deltasStdDev": [
            0.0010965617277743285
        ],
        "price": 10.322233513612328,
        "priceStdDev": 0.026062854511530745,
        "value": 10.12009845552987
    },
    {
        "date": 85,
        "deltas": [
            0.853116426950561
        ],
        "deltasStdDev": [
            0.001128946925282599
        ],
        "price": 9.844156496273252,
        "priceStdDev": 0.02550285681752123,
        "value": 9.656009053557838
    },
    {
        "date": 86,
        "deltas": [
            0.8698860860425274
        ],
        "deltasStdDev": [
            0.0010707181267724012
        ],
        "price": 10.384527914718532,
        "priceStdDev": 0.025719264595088193,
        "value": 10.242339373496947
    },
    {
        "date": 87,
        "deltas": [
            0.8541364511795553
        ],
        "deltasStdDev": [
            0.001120961434790978
        ],
        "price": 9.63997704824008,
        "priceStdDev": 0.024825963983797723,
        "value": 9.485162214369566
    },
    {
        "date": 88,
        "deltas": [
            0.8406154294957008
        ],
        "deltasStdDev": [
            0.0011612597474117033
        ],
        "price": 9.028078078247916,
        "priceStdDev": 0.024049788038127306,
        "value": 8.93056836340152
    },
    {
        "date": 89,
        "deltas": [
            0.8799699981820804
        ],
        "deltasStdDev": [
            0.0010282154041125948
        ],
        "price": 10.34659857900654,
        "priceStdDev": 0.02487806932200692,
        "value": 10.184331823659221
    },
    {
        "date": 90,
        "deltas": [
            0.8452252785487566
        ],
        "deltasStdDev": [
            0.0011413326587923409
        ],
        "price": 9.014554134554029,
        "priceStdDev": 0.023601009484126738,
        "value": 8.880814033387608
    },
    {
        "date": 91,
        "deltas": [
            0.8729352514921014
        ],
        "deltasStdDev": [
            0.0010493608159824776
        ],
        "price": 9.80637990918802,
        "priceStdDev": 0.023991426603104403,
        "value": 9.67117919171865
    },
    {
        "date": 92,
        "deltas": [
            0.845197645739147
        ],
        "deltasStdDev": [
            0.0011364632509939694
        ],
        "price": 8.754058754472616,
        "priceStdDev": 0.023009565928749115,
        "value": 8.652214637657494
    },
    {
        "date": 93,
        "deltas": [
            0.8627074938174943
        ],
        "deltasStdDev": [
            0.001078812368858343
        ],
        "price": 9.139979092186593,
        "priceStdDev": 0.022969570274086602,
        "value": 9.066917939446185
    },
    {
        "date": 94,
        "deltas": [
            0.8307203892142941
        ],
        "deltasStdDev": [
            0.0011768463990196303
        ],
        "price": 8.099064525723229,
        "priceStdDev": 0.02182200705648546,
        "value": 8.016948885213068
    },
    {
        "date": 95,
        "deltas": [
            0.8193136063802244
        ],
        "deltasStdDev": [
            0.001203228467474027
        ],
        "price": 7.700506233474208,
        "priceStdDev": 0.021222907259372082,
        "value": 7.620364366707804
    },
    {
        "date": 96,
        "deltas": [
            0.8794845263628748
        ],
        "deltasStdDev": [
            0.0010154223136499164
        ],
        "price": 9.343719425335857,
        "priceStdDev": 0.022392157437449895,
        "value": 9.192762261924699
    },
    {
        "date": 97,
        "deltas": [
            0.89737944703707
        ],
        "deltasStdDev": [
            0.0009431085714639902
        ],
        "price": 9.8093206454567,
        "priceStdDev": 0.022328017380900265,
        "value": 9.691609024295772
    },
    {
        "date": 98,
        "deltas": [
            0.8891329758505369
        ],
        "deltasStdDev": [
            0.0009731395834241663
        ],
        "price": 9.360751110513002,
        "priceStdDev": 0.021765807083723852,
        "value": 9.259589380944206
    },
    {
        "date": 99,
        "deltas": [
            0.947307490581134
        ],
        "deltasStdDev": [
            0.000683547494797545
        ],
        "price": 12.215699563447362,
        "priceStdDev": 0.02300692444348867,
        "value": 12.022236740874575
    },
    {
        "date": 100,
        "deltas": [
            0.9613315221717947
        ],
        "deltasStdDev": [
            0.0005842781297640598
        ],
        "price": 12.916024054934214,
        "priceStdDev": 0.02286321370031577,
        "value": 12.720694908856757
    },
    {
        "date": 101,
        "deltas": [
            0.9330359055066005
        ],
        "deltasStdDev": [
            0.000763877078839268
        ],
        "price": 10.836326984455,
        "priceStdDev": 0.02171949468772074,
        "value": 10.624335143087762
    },
    {
        "date": 102,
        "deltas": [
            0.9613608123306128
        ],
        "deltasStdDev": [
            0.000578767712366975
        ],
        "price": 12.475335921229858,
        "priceStdDev": 0.021986555722114293,
        "value": 12.21046169990268
    },
    {
        "date": 103,
        "deltas": [
            0.9649775726453685
        ],
        "deltasStdDev": [
            0.0005479681116581063
        ],
        "price": 12.625361524411476,
        "priceStdDev": 0.021642202099213182,
        "value": 12.372844011054639
    },
    {
        "date": 104,
        "deltas": [
            0.9647889318785902
        ],
        "deltasStdDev": [
            0.0005486279310633627
        ],
        "price": 12.232252638144496,
        "priceStdDev": 0.02102276969338467,
        "value": 11.993262497344062
    },
    {
        "date": 105,
        "deltas": [
            0.9501032495429811
        ],
        "deltasStdDev": [
            0.0006503081490724265
        ],
        "price": 10.849657643767365,
        "priceStdDev": 0.020135016856709542,
        "value": 10.60898956787915
    },
    {
        "date": 106,
        "deltas": [
            0.9512540701909558
        ],
        "deltasStdDev": [
            0.0006418934961029736
        ],
        "price": 10.675265551727048,
        "priceStdDev": 0.019612448158125007,
        "value": 10.476922335391208
    },
    {
        "date": 107,
        "deltas": [
            0.9728109129846036
        ],
        "deltasStdDev": [
            0.0004703454608203234
        ],
        "price": 12.141105520571747,
        "priceStdDev": 0.01962611935681846,
        "value": 11.930816245492451
    },
    {
        "date": 108,
        "deltas": [
            0.9427391103608457
        ],
        "deltasStdDev": [
            0.0006872787385158115
        ],
        "price": 9.555171750989022,
        "priceStdDev": 0.018393467007692017,
        "value": 9.335359928189177
    },
    {
        "date": 109,
        "deltas": [
            0.9319452745187244
        ],
        "deltasStdDev": [
            0.0007466729053893764
        ],
        "price": 8.822827596775873,
        "priceStdDev": 0.017546568101575354,
        "value": 8.59544031238633
    },
    {
        "date": 110,
        "deltas": [
            0.9572266207698674
        ],
        "deltasStdDev": [
            0.000582242437077504
        ],
        "price": 9.828838762696401,
        "priceStdDev": 0.0175514783066157,
        "value": 9.596080168091959
    },
    {
        "date": 111,
        "deltas": [
            0.9145459707854838
        ],
        "deltasStdDev": [
            0.0008248703440696992
        ],
        "price": 7.601456938683002,
        "priceStdDev": 0.01615620518711137,
        "value": 7.370579653337188
    },
    {
        "date": 112,
        "deltas": [
            0.9454451173210677
        ],
        "deltasStdDev": [
            0.0006558840938224755
        ],
        "price": 8.595544775383958,
        "priceStdDev": 0.016126455809600985,
        "value": 8.3270210636544
    },
    {
        "date": 113,
        "deltas": [
            0.9431414815207579
        ],
        "deltasStdDev": [
            0.0006681219147375437
        ],
        "price": 8.176979277441433,
        "priceStdDev": 0.015502935766610697,
        "value": 7.926070830505438
    },
    {
        "date": 114,
        "deltas": [
            0.9468934444256702
        ],
        "deltasStdDev": [
            0.0006370105549395265
        ],
        "price": 8.065740572229288,
        "priceStdDev": 0.014909829697621887,
        "value": 7.849493903498427
    },
    {
        "date": 115,
        "deltas": [
            0.979691687192009
        ],
        "deltasStdDev": [
            0.00037130648056433085
        ],
        "price": 9.992641520348915,
        "priceStdDev": 0.014846141409070873,
        "value": 9.698906584262744
    },
    {
        "date": 116,
        "deltas": [
            0.9843079941285884
        ],
        "deltasStdDev": [
            0.0003100841409922136
        ],
        "price": 10.190404863482154,
        "priceStdDev": 0.014244271645378802,
        "value": 9.922021752521829
    },
    {
        "date": 117,
        "deltas": [
            0.9918082828527727
        ],
        "deltasStdDev": [
            0.00019026192723092802
        ],
        "price": 11.435779332846035,
        "priceStdDev": 0.01373405713475898,
        "value": 11.140392844231599
    },
    {
        "date": 118,
        "deltas": [
            0.9809614369181769
        ],
        "deltasStdDev": [
            0.00034066464886573546
        ],
        "price": 8.665221988100413,
        "priceStdDev": 0.012585389024786777,
        "value": 8.397050098169643
    },
    {
        "date": 119,
        "deltas": [
            0.9909081608818501
        ],
        "deltasStdDev": [
            0.0001929221531774293
        ],
        "price": 9.871448169141136,
        "priceStdDev": 0.011965144835414884,
        "value": 9.557060982557687
    },
    {
        "date": 120,
        "deltas": [
            0.9931078167112003
        ],
        "deltasStdDev": [
            0.00014604557652111235
        ],
        "price": 9.870229164018582,
        "priceStdDev": 0.011096191316505478,
        "value": 9.583524050907585
    },
    {
        "date": 121,
        "deltas": [
            0.9943990401290086
        ],
        "deltasStdDev": [
            9.763485250224312e-05
        ],
        "price": 10.07909248910585,
        "priceStdDev": 0.0101658649918944,
        "value": 9.771356799033413
    },
    {
        "date": 122,
        "deltas": [
            0.993644614974023
        ],
        "deltasStdDev": [
            0.00011129770026999721
        ],
        "price": 8.582536196643058,
        "priceStdDev": 0.008982554655466213,
        "value": 8.288580971922158
    },
    {
        "date": 123,
        "deltas": [
            0.9951247287294168
        ],
        "deltasStdDev": [
            5.097495121049211e-05
        ],
        "price": 11.372039713792448,
        "priceStdDev": 0.007970031360815597,
        "value": 11.039408632246136
    },
    {
        "date": 124,
        "deltas": [
            0.995106752427851
        ],
        "deltasStdDev": [
            4.12863002465624e-05
        ],
        "price": 11.005097912393083,
        "priceStdDev": 0.006491707546093265,
        "value": 10.666157119583033
    },
    {
        "date": 125,
        "deltas": [
            0.9950588029088396
        ],
        "deltasStdDev": [
            2.8671583579781566e-05
        ],
        "price": 10.860532738665677,
        "priceStdDev": 0.00457581313947816,
        "value": 10.518731066899505
    },
    {
        "date": 126,
        "deltas": [
            0.9950157154523063
        ],
        "deltasStdDev": [
            null
        ],
        "price": 10.969093536873322,
        "priceStdDev": 5.348632687628975e-08,
        "value": 10.621208362440711
    }
]